kAn	1885
qAl	1391
Eamal	698
baqaY	659
EanaY	473
$Af	365
HaSal	304
Earaf	303
rAH	209
Aaxad	186
Hab~	176
xal~aY	172
simiE	156
Aitokal~im	154
jAb	151
tam~	143
jih	142
mAt	136
lAqaY	134
daxal	129
$A'	126
>amokan	123
qAm	120
TiliE	117
fak~ar	117
Eirif	112
Darab	103
>arAd	99
nazal	98
fihim	95
kAn-u	94
katab	94
EA$	94
qidir	93
rijiE	91
sa>al	90
wajad-i	90
HAwil	87
layosa	84
Aid~aY	83
Sad~aq	82
qAl-u	81
bada>	81
sAb	80
ra>aY-a	79
AiEotaqad	76
>aSobaH	75
xaraj	74
jA	71
raHam	70
rad~	70
baS~	66
ma$aY	66
fiDil	65
sal~im	63
niEma	63
qaEad	60
nisiy	60
dafaE	59
gay~ar	59
satar	59
Ai$otagal	59
qatal	59
AixotAr	58
Hadav-u	55
waSal	55
$Al	54
qad~im	54
Ead~aY	54
TAlab	54
nizil	53
Aitoman~aY	52
nafaE	51
Eajab	50
misik	49
samaH	49
Zahar	49
waqaf	47
Hakam	47
sAEid	46
saraq	46
fataH	46
qarA	46
kam~il	45
{iHotaram	44
Talab	44
Aitofar~aj	43
Aakal	43
daEA	42
wajab-i	42
wal~aE	42
rafaE	41
waDaE	41
zAd	41
Aifotakar	40
hadaY	40
HaT~	40
baqiy-a	39
manaE	39
DiHik	39
HafaZ	39
sam~aY	38
qatal-u	38
xAf	38
Hav~	38
rajA	38
fay~i$	38
bAE	37
Haq~aq	37
>aEolan	37
saqaT	37
liEib	36
Tal~aE	36
$Arak	36
xiliS	35
taEAlaY	35
HamaY-i	35
Ai$otaraY	34
faEal-a	34
xarab	34
daw~ar	34
kal~im	33
Sal~aY	33
ra>aY	33
Hadav	33
wAfiq	33
waSal-i	33
xad	33
rikib	33
ra$~aH	33
laqaY	33
>aSolaH	32
{isotaHaq~	32
Aitogay~ar	32
Eal~im	31
waq~af	31
Eilim	31
qadar	31
AitoEal~im	31
dAfiE	30
AiEotabar	30
jaEal-a	30
waS~al	30
hAjam	30
HamaY	30
>ak~id	29
qar~ar	29
>aDAf	29
>ad~aY	29
rafaD	29
fAt	29
ramaY	29
wahaY-i	28
kaf~aY	28
>aEoTaY	28
qafal	28
waf~aq	28
Tab~aq	28
najaH	28
wiSil	28
Ainotaqam	28
>aHav~	27
qibil	27
$aw~af	27
AinotahaY	27
Zal~-a	27
baT~al	27
Aisotan~aY	27
{inotaxab	27
Saw~ar	26
sAfir	26
Ait~afaq	26
firiH	26
DaH~aY	26
waf~ar	25
samaE	25
lam~	25
Zan~	25
*ahab-a	25
mav~al	25
>ataY-i	25
tiEib	25
mi$iy	25
Ead~	24
mAl	24
$aEar-u	24
taqAl~	24
qaSad	24
mar~	24
zAl-a	24
Sal~aH	24
jaEal	24
>aSAb	24
Ainotaxab	24
nAm	23
DAE	23
Earaf-i	23
daEA-u	23
biqiy	23
xal~aS	23
ka$af	23
qara>-a	23
bArik	22
Eab~ar	22
malak-i	22
tarak-u	22
kan~	22
jazaY-i	22
{isotaTAE	22
dAm	22
ragaE	22
taman~aY	22
naZar-u	21
Hal~	21
raj~aE	21
nAdaY	21
>axa*-u	21
baEat	21
taqab~al	21
ma$~aY	21
katab-u	21
baqA	21
siqiT	21
EAnaY	21
ziEil	21
>aTolaq	20
>aroDaY	20
waj~ah	20
{it~aham	20
Haraq	20
$akar	20
qAm-u	20
banaY	20
$aHat-a	19
raw~aH	19
ham~-u	19
bal~ag	19
Aisotaxodim	19
{imotalak	19
liHiq	19
>adorak	19
$atam	19
fAq	19
libis	18
masak	18
Had~id	18
$aj~aE	18
hidiy	18
EAd-u	18
mA	18
sakat	18
razaq	18
na$ar-u	18
EanaY-i	18
HAsib	18
qaTaE	18
Ear~af	18
taHam~al	18
naSar	18
raHim-a	17
$irib	17
Ealim-a	17
hAt	17
faraq	17
Aisotamar~	17
taHad~av	17
{iEotabar	17
>a$Ar	17
yal~A	17
taHaq~aq	17
*akar	17
qal~	17
Aixotalaf	17
jar~ab	17
>ak~ad	17
EaraD	17
dax~al	17
DagaT	16
jam~aE	16
faraD-i	16
ta*ak~ar	16
kirih	16
naSar-u	16
Saraf	16
{isotaxodam	16
daEaY	16
AitoEAmil	16
law~i$	16
qabaD	16
lagaY	16
ray~aH	16
joriy	16
Hamal-i	15
ham~	15
raDaY	15
wajad	15
HArib	15
jA'	15
qad~ar	15
$A'-a	15
tAbiE	15
kasar	15
EAd	15
>aSodar	15
naqal	15
naf~a*	15
nifiE	15
>afAd	15
kisib	15
wad~aY	15
zihiq	15
Hasab	15
giliT	15
xa$~	14
mAras	14
AisotafAd	14
tam~-i	14
AitoHaw~il	14
Day~aE	14
Sar~aH	14
{ifotakar	14
SAr	14
SabaH	14
Daman	14
hataf-i	14
taHAkam	14
gafar	14
AirotAH	13
Aitojaw~iz	13
*akar-u	13
>aEad~	13
HAfaZ	13
Aitoxay~il	13
AiEotaraf	13
daras	13
faqad-i	13
baHav-a	13
taxay~al	13
AiHotAj	13
zAr	13
qalab	13
naw~ar	13
war~aY	13
Haw~il	13
Eal~aq	13
>adAr	13
>aqAm	13
Aitoqad~im	13
saq~aT	13
waqaf-i	13
daxal-u	13
AibotadA	13
Eay~aT	13
zaw~id	12
haz~ar	12
qar~ab	12
tawaj~ab	12
wiqif	12
dAfaE	12
waz~aE	12
Zan~-u	12
{inotaqad	12
hAn	12
waSaf-i	12
$aw~ih	12
saEaY	12
rafaD-u	12
kAd-a	12
karih-a	12
jaraY	12
Aihotam~	12
sAhim	12
vabat	12
>av~ar	12
HArab	12
sal~am	12
qisim	12
>akoram	12
Halam-u	12
Sab~ar	12
fa$al	12
maw~it	12
bAn	12
rakaE-a	12
naz~il	12
AisotAhil	11
>aHab~	11
laqiy-a	11
faEal	11
AitoEamal	11
>ay~ad	11
naf~i*	11
fah~im	11
faqad	11
dam~ar	11
Aisotagorab	11
waD~aH	11
tazaw~aj	11
wal~aY	11
jAwab	11
badA-u	11
nasaY	11
taEar~aD	11
$Ahad	11
>avobat	11
taZAhar	11
fAz-u	11
tabar~aE	11
waq~aE	11
sAq	11
qiliq	10
nakar	10
sab~	10
{isotafaz~	10
taHaw~al	10
{ixotalaf	10
far~aq	10
takal~am	10
Har~ak	10
{isotagal~	10
zAd-i	10
>aloqaY	10
sAwaY	10
wadaE-a	10
had~ad	10
xAlif	10
AitoHar~ak	10
{inotaZar	10
fAja>	10
{iEotaraD	10
tanaf~a*	10
>aqonaE	10
HaS~al	10
sAmiH	10
EAmil	10
faraD	10
{inofaEal	10
{inohAr	10
taqad~am	10
waqaE	10
sayTar	10
wajaE	10
>istawdaE	10
qabil-a	10
<it~aqaY	10
{iHotafal	10
waEaY	9
AitoSar~af	9
tawal~aY	9
|man	9
>avAr	9
{isotamar~	9
sAnad	9
*Al	9
taHad~aY	9
sAmaH	9
xaT~aT	9
$ahid-a	9
say~ib	9
Taw~il	9
>azAl	9
>aEAd	9
Eamil-a	9
AiEotaraD	9
{ikota$af	9
Ait~aSal	9
tarak	9
nAqi$	9
>adAn	9
TAlib	9
Aisotagal~	9
dafaE-a	9
{iEotaqad	9
>awDaH	9
bada>-a	9
sikit	9
yas~ar	9
>afosad	9
|miyn	9
had~aY	9
wiqiE	9
$ag~al	9
galiT-a	9
Sabar	9
{iEotaSam	9
fak~	9
Ait~aham	9
Hab~-i	9
|amiyn	9
raHal	9
qabal	8
HakaY	8
kal~if	8
taEab	8
qAbil	8
>anokar	8
SiHiy	8
tabiE-a	8
EadA	8
bAs	8
nasiy-a	8
SanaE-a	8
{iEotaqal	8
samaH-a	8
lAm-u	8
>aZohar	8
manaH-a	8
raDiy-a	8
giliy	8
taEad~aY	8
sah~il	8
tajAwaz	8
mAt-u	8
qaDaY	8
taHar~ak	8
giriq	8
AinoTalaq	8
{inoDam~	8
$araH	8
}istaTAE	8
Eaw~aD	8
kasaf	8
xabaT	8
EAn	8
qaSad-i	8
tanAqa$	8
wAjih	8
bArak	8
waDaH	8
xisir	8
>arosal	8
dAr	8
sAr-i	8
naTaq	8
wafaY-i	8
Sadaq	8
xad~-u	8
TaraH-a	8
>anosaY	8
nadim-a	8
kat~ar	8
Had~	8
faSal-i	8
Aitowaq~aE	8
{iHotasab	8
qAd-u	8
na$ar	8
rab~aY	8
HafiZ	8
{ilotazam	8
>ajobar	8
Tam~an	7
rak~ib	7
xaS~-u	7
daEam-a	7
sabaq-iu	7
taEaj~ab	7
HASar	7
wabaq	7
xadaE-a	7
tarAjaE	7
ragib-a	7
riDiy	7
Ai$otakaY	7
nAl-a	7
>afoqad	7
bar~ar	7
>afAq	7
Aitodax~al	7
bAn-i	7
naZ~am	7
AiEotamad	7
balag-u	7
SaH~	7
Sadar-u	7
kafaY-i	7
>aEAn	7
fataH-a	7
tawaq~aE	7
mAl-i	7
talaq~aY	7
qaw~am	7
DaHik-a	7
>axoTa>	7
EAqab	7
tAbaE	7
$agal	7
kidib	7
AistAhil	7
{inosaHab	7
daE~am	7
taEAmal	7
xalaS	7
$ad~	7
qaT~aE	7
Saw~at	7
AiqotanaE	7
EAlij	7
sa>al-a	7
>a*AE	7
laf~	7
tara$~aH	7
laHaq	7
>aHoraq	7
AitoEar~aD	7
waEad	7
far~aj	7
qaraf	7
lahA	7
rak~iz	7
>axorab	7
fAq-u	7
AixtAr	7
nafaY	7
>asoqaT	7
lAq-i	7
qas~am	7
SalaH	7
taHAsab	7
bAt	7
>amar	7
qaD~aY	6
waqaY-i	6
xadam	6
far~aT	6
Ha*~ar	6
rad~-u	6
AitoEaraD	6
qArin	6
>ataY	6
dal~	6
zaE~al	6
qATaE	6
kibir	6
rAjiE	6
taEAraD	6
HaSal-u	6
Hakam-u	6
{izodAd	6
dab~ar	6
sab~ib	6
waEad-i	6
qaraY-i	6
{ilotafat	6
saHab	6
>aj~ar	6
waham-i	6
Haw~i$	6
HAwal	6
baHav	6
waqaE-a	6
wad	6
>a$oEal	6
Aitokar~ar	6
{irotadaY	6
>axa*	6
hal~al	6
Hay~-a	6
saEaY-a	6
saEad	6
$aw~ah	6
rad~ad	6
jAz	6
fAz	6
xuluS	6
$atam-iu	6
takaw~an	6
TAl	6
>aHAl	6
{iqotaHam	6
HAsab	6
{ixotAr	6
Aikota$af	6
kas~ar	6
had~	6
Eaz~	6
faD~al	6
{ilotaqaY	6
EAraD	6
xar~aj	6
tasab~ab	6
xaraj-u	6
karah	6
>ak~il	6
{iHotawaY	6
Taw~al	6
>atam~	6
xarab-i	6
xar~ab	6
Ait~aroyaq	6
{inofaSal	6
Aitosaraq	6
xa*al-u	6
tafar~aj	6
>aEojab	6
faj~ar	6
jah	6
xa$iy-a	6
Eal~aY	6
jah~iz	6
far~aH	6
mar~-u	6
taEad~al	6
HAkam	6
rAEaY	6
AiHotafal	6
qal~al	6
qaTaE-a	6
naEaY-i	6
byE	5
qal~ad	5
>aw~il	5
Has~is	5
biEid	5
gazA-u	5
Hamad	5
AitoEar~af	5
{isotaworad	5
TAr	5
qal~-i	5
Aitokasaf	5
AinotaZar	5
>atobaE	5
jalas-i	5
EAdal	5
>ahodar	5
kar~ar	5
xasir-a	5
dAs-u	5
>alogaY	5
waj~ih	5
wAjah	5
xalaY	5
Ainota$ar	5
waliy-i	5
Ead~-u	5
HaDar	5
naj~aY	5
bAZ	5
*Akir	5
>adoman	5
>aqar~	5
nAsab	5
AitoHakam	5
>aEaz~	5
nahab-ua	5
AirotafaE	5
>abodaY	5
kar~am	5
nAfaq	5
badA	5
bAE-i	5
tajar~a>	5
AintamaY	5
vAr-u	5
tamav~al	5
$ar~af	5
Ai$otarak	5
Aisotaqar~	5
$ihid	5
Sar~ax	5
Haram-iu	5
>anotaj	5
>aj~il	5
qal~il	5
haz~-u	5
nawaY-i	5
Aito>ak~id	5
>aEo*ar	5
tafar~aq	5
>aEodam	5
>am~in	5
saj~il	5
zaE~aq	5
>ax~ar	5
daH~ak	5
waHa$	5
tawaf~ar	5
|l-u	5
qaf~il	5
{iEota*ar	5
$Awar	5
>azoEaj	5
>ay~id	5
tawaf~aY	5
sAb-i	5
{ikotamal	5
harab-u	5
Har~aD	5
EaT~al	5
fat~a$	5
>anoqa*	5
taxAnaq	5
nahaD-a	5
raH~ab	5
har~ab	5
naq~aY	5
{igotAl	5
malA	5
Has~in	5
{ikotasaH	5
$ak~	5
{iEotAd	5
taEATaf	5
$abiE-a	5
>awoSal	5
fAd	5
sAl	5
Aitoqatal	5
bakaY-i	5
waviq-ia	5
{inotaSar	5
{isotawodaE	5
AinoDam~	5
>asolam	5
naD~af	5
>adolaY	5
harab	5
Zalam-ia	5
Taw~ar	5
Sad~ar	5
zAE	5
Aisotalaf	5
{iqotanaE	4
lafaZ-i	4
xaS~aS	4
waS~aY	4
dafan-i	4
Tam~in	4
{isotasolam	4
AiDoTar~	4
$aH~at	4
AitoSaw~ar	4
qaS~ar	4
mas~-a	4
wanaY-i	4
ganaY	4
hadam-i	4
jamaE-a	4
dAraY	4
EAdaY	4
sad~	4
Hal~aY	4
Eahid-a	4
>ajAd	4
>ahAn	4
tawaq~af	4
wakal-i	4
taqal~ab	4
HalaY	4
lAHaZ	4
fa$il-a	4
AisotaqAl	4
dAn-i	4
Eam~ar	4
Aitokal~if	4
jaw~iz	4
Dam~	4
qara>	4
Aixtalaf	4
lazam	4
>asokan	4
tasA'al	4
wasiE-a	4
{ifotaxar	4
kafaY	4
$abah	4
AaraY	4
{isotanad	4
>a*al~	4
diriy	4
*ak~ar	4
giDib	4
{isotaHoyaY	4
mak~an	4
dAs	4
Aito*ak~ar	4
Zahar-a	4
EaraD-i	4
{ikotafaY	4
qad~am	4
gan~aY	4
samiE-a	4
sajan	4
Eam~-u	4
Hay~A	4
TaEan-a	4
jaraY-i	4
gAZ	4
xal~if	4
maH~aY	4
xanaq-u	4
saHal-a	4
taSaw~ar	4
{inofajar	4
jad~id	4
naEam-ua	4
Zab~aT	4
Aito>ax~ar	4
tahar~ab	4
raqaS	4
AitonAzil	4
qArab	4
$amil-a	4
nazal-i	4
sal~aT	4
qabaD-i	4
bAt-i	4
{iHotAj	4
sA'-u	4
faD~aY	4
ZabaT	4
DAr-i	4
TafA-u	4
xalaf	4
qAbal	4
faS~al	4
Aitowaq~af	4
xaliq-a	4
{ixotaraE	4
{inotamaY	4
$ak~al	4
*ahab	4
>asA'	4
tafar~ag	4
taDam~an	4
sawar	4
qaDaY-i	4
wASil	4
gaT~aY	4
{irotakab	4
SaH~aH	4
kariy-a	4
wad~aE	4
Aitomat~aE	4
AiqotaraH	4
waHaY-i	4
xAn-u	4
Aitofas~aH	4
jamaE	4
$al~-a	4
rafaE-a	4
Har~aq	4
>an~-i	4
AisotaTAE	4
tabay~an	4
ra$~	4
na>aY-a	4
talAEab	4
>afolat	4
AiSoTAd	4
AiEtanaq	4
rat~ib	4
Had~iv	4
>agolaq	4
jaw~al	4
HaZiy-a	4
Hak~im	4
xAlaf	4
gilib	4
{i$otaEal	4
jarA	4
bakaY	4
{isotahodaf	4
tanaH~aY	4
AitoEaw~id	4
waH~id	4
sax~an	4
Ealim	4
makar-u	4
*Ab-u	4
qay~am	4
{isotayoqaZ	4
tarad~ad	4
$Ahid	4
taHar~a$	4
AitoqAbil	4
bahodal	4
taEal~am	4
>abaY	4
{isotaEAd	4
jaz~a>	4
{it~aHad	4
AaDAf	4
Eavar-u	4
baq~-u	4
galaY-i	3
qal~id	3
lAyan	3
taqaY-i	3
lAn	3
say~ab	3
HAfiZ	3
Hilif	3
sowaY	3
Eiliy	3
>aHoyaY	3
{it~ajah	3
bakiy-a	3
SaEub-u	3
Dagat	3
>aTAH	3
tawak~al	3
gar~aq	3
{isotaqobal	3
jaraH-a	3
>anoSaf	3
{iHotal~	3
maval-u	3
Zalam	3
Sarax-u	3
{iZ~alam	3
HaraD-i	3
Eam~am	3
silim	3
taEaw~ad	3
Hasam-i	3
{inobagaY	3
sax~ar	3
xAf-a	3
sAEad	3
xalaE-a	3
rAqab	3
qahar-a	3
>akosab	3
Eabar-u	3
hazam-i	3
tabAhaY	3
Had~ad	3
$am~aE	3
xaraq-iu	3
>awoEad	3
qAd	3
{inotahaY	3
rabaT-ui	3
EAmal	3
>ahodaY	3
mal~aY	3
tamat~aE	3
qaEad-u	3
bav~-u	3
kitir	3
$ak~-u	3
{iqotAt	3
balag	3
sakan	3
ra>af-a	3
nad~ad	3
{isotafAd	3
>agoraY	3
taEib-a	3
nAqa$	3
jAhad	3
hay~a>	3
taSAlaH	3
rajA-u	3
AixotafaY	3
{iHotamal	3
Aisotaqobil	3
>akal-u	3
galA	3
lamas	3
wakaY-i	3
San~aE	3
>as~as	3
xalaq-u	3
{inotaqam	3
fahim-a	3
Aistagal~	3
sam~aE	3
lahA-u	3
tanAsaY	3
tafAEal	3
sAham	3
>abokaY	3
raqaS-u	3
sahul-u	3
{inotaqal	3
{isotabodal	3
Eaqal-i	3
naS~ab	3
law~am	3
xAD-u	3
nafaE-a	3
saHab-a	3
sakat-u	3
tamak~an	3
taxal~aY	3
laEan-a	3
ka*ab-i	3
faDaH-a	3
Ham~al	3
Hizin	3
Ha*af-i	3
xab~aT	3
xiliy	3
xaSaY-i	3
Aitoqabal	3
sAd-u	3
{iEotaraf	3
>asofar	3
baEav-a	3
TAr-i	3
{inoqaTaE	3
TamaY-i	3
AiEotaSam	3
taban~aY	3
nA$ad	3
Sar~af	3
>anoEam	3
>atoHaf	3
qasam-i	3
>ahomal	3
tanAwal	3
maw~al	3
{iqotaSar	3
bay~an	3
{iEotaz~	3
maDaY	3
sAq-u	3
{it~aqaY	3
jal~	3
>atAH	3
naqad-u	3
wAfaq	3
{isotadoEaY	3
ramaY-i	3
>aHosan	3
SaH~aY	3
{isotarAd	3
nataj-i	3
xijil	3
>amal	3
baraz-u	3
saraY-i	3
>aTAl	3
SiEib	3
ta>aj~al	3
{id~aEaY	3
mat~-u	3
{it~axa*	3
EafA-u	3
$arib-a	3
ma$aY-i	3
zaraE	3
takar~am	3
Tarad-u	3
lAq	3
saj~al	3
>asoraE	3
Eabiv-a	3
zaraE-a	3
qal~ab	3
Aitoxal~aS	3
lafat	3
>abodaE	3
rak~az	3
janaY-i	3
saw~aY	3
qadar-i	3
TalaE-u	3
bak~aY	3
Aito>aj~ar	3
EAfaY	3
Eay~a$	3
Ait~Axid	3
sabaY-i	3
Taq~	3
AitnAqi$	3
niDif	3
nasab-ui	3
Aitojan~in	3
satar-ui	3
laEan	3
laHiq-a	3
AisotaEomil	3
Ait~aqaY	3
Tah~ar	3
Eam~	3
>ajoraY	3
AiHotaram	3
fisid	3
mAris	3
raHal-a	3
zAl	3
{inotazaE	3
tanAzal	3
{iHotaDan	3
{ifotaraD	3
jaraH	3
salim-a	3
talA-u	3
xalaq	3
sayoTar	3
jAl-u	3
jAl	3
>amolaY	3
waH~ad	3
Eaz~-i	3
ta>av~ar	3
>afotaY	3
{inoqasam	3
laTaf	3
>aqosam	3
Hajaz	3
jas~-u	3
<itokal~im	3
>amar-u	3
EAtab	3
naSaH-a	3
sihir	3
>anaY-i	3
Hasib-i	3
naha$-i	3
>abAd	3
waliE-a	3
Sabar-i	3
sad~id	3
bay~in	3
waDaH-i	3
>aforaj	3
Sal~	3
{inotafaD	3
EAv	3
tawaj~ah	3
nafid-a	3
{inodas~	3
nAwaY	3
>aSar~	3
$afaY	3
$al~	3
>abAt	3
najaH-a	3
>ajAb	3
Har~am	3
$Arik	3
zAl-u	3
naqal-u	3
>ahorab	3
xAn	3
EAnad	3
fataY	3
masaH	3
AitoHam~il	3
tawaE~ad	3
Ead~il	3
Aitofaham	3
>aloham	3
warad	3
walad-i	3
wilid	3
AiEota*ar	3
>aHal~	3
AitoHal~	3
>avAb	3
nijiH	3
HariS-a	3
Talab-u	3
Eadal	3
Eaz~az	3
masaH-a	3
sab~ab	3
qar~-ia	3
Aistalaf	3
was~aE	3
saw~aq	3
Aitobar~aE	3
nAsib	3
tAm	3
jalad-i	3
taHaj~ab	3
Har~ar	3
laz~aq	3
danA-u	3
Eaj~ab	3
qATiE	3
<ixoS	3
tawAfaq	3
har~aj	2
Hay~ar	2
hAtaY	2
Aitonaf~is	2
AisotaHaY	2
Halaq-i	2
Aitgar~ab	2
qaliy-a	2
>aham~	2
AitofAhim	2
<itobar~aE	2
dAyiq	2
$akA-u	2
baq~	2
>awoHaY	2
<inotaxab	2
laja>-a	2
Sab~-u	2
xalaT-i	2
sab~-u	2
taTAwal	2
qAran	2
Eay~an	2
raEaY-a	2
lahav-a	2
Ainohazam	2
tajAhal	2
>axoraj	2
{i$otaraY	2
kal	2
<itoqalab	2
maromaT	2
tasAmaH	2
jan~ad	2
lakin-a	2
Aitojas~is	2
qaw~aY	2
Hasam	2
{it~abaE	2
{isotawolaY	2
rAhan	2
{irotafaE	2
$ak~ak	2
qAs	2
Saraf-i	2
hirib	2
xAr-i	2
yat~im	2
tAb	2
>aqal~	2
saw~al	2
raq~-i	2
$abaE	2
AijotamaE	2
DAq	2
sad~-u	2
tazAHam	2
ta*aw~aq	2
far~	2
EAya$	2
tajad~ad	2
ta$Arak	2
>anofa*	2
SAlaH	2
gAb-i	2
Eaqab-u	2
Eayiy-a	2
{inofaD~	2
hal~-i	2
xafaY-i	2
taray~aD	2
{ixotanaq	2
Ai$takaY	2
{i$otakaY	2
falaH	2
HawaY-i	2
{ifotaEal	2
>abolag	2
>adoxal	2
Ait~aDaH	2
Aistanad	2
{inotahak	2
kal~af	2
tanAqal	2
>aqAl	2
bAl	2
haz~	2
{inotaqaY	2
{ibotaEad	2
>aforaz	2
say~ar	2
>as~is	2
>adoraj	2
$amal-u	2
saraq-i	2
{inotAb	2
faram	2
rixiS	2
daq~-u	2
>anojab	2
rad~id	2
xaT~aY	2
>abaY-a	2
xalA-u	2
$araH-a	2
{imotad~	2
*al~	2
nAt-u	2
jaw~aE	2
daq~aq	2
AitobaEat	2
naSaH	2
taHar~aj	2
{isotaEoTaf	2
>adoraY	2
tajan~ab	2
>afoHam	2
{inoTabaq	2
Ead~al	2
>atay	2
Aisotawqaf	2
tarak~az	2
samA-u	2
dahas-a	2
{isotaqar~	2
AinohAl	2
faxar	2
Eamiy-a	2
{irotAH	2
talaw~av	2
{igotaSab	2
tanaf~as	2
*ak~aY	2
>aHobaT	2
>axolaY	2
tasal~am	2
{isotaEAn	2
ras~aY	2
HaSad	2
>amohal	2
$amit-a	2
baEad	2
SaHA-u	2
>ahowaY	2
laqaT-u	2
kas~al	2
Hal~al	2
Sadar	2
{i$otaraT	2
tagay~ar	2
dAham	2
xalaS-u	2
lAEib	2
>awojad	2
lizim	2
Aitowalad	2
EalA-u	2
fara$	2
{isotaxaf~	2
>aTAE	2
nahab	2
>ajohaD	2
lAHiZ	2
mala>-a	2
tabaq~aY	2
Hat~-u	2
>anozal	2
kaw~in	2
{inoTawaY	2
{it~afaq	2
kafal-i	2
han~a>	2
sajad-u	2
kAfaH	2
saruE-u	2
$ad~-iu	2
<intahak	2
Eal~am	2
AifotaraD	2
AiEotaz~	2
naw~ah	2
>asif-a	2
{iqotarab	2
banaY-i	2
Dax~-u	2
habaT	2
kaw~an	2
nabaE-uia	2
>a$AE	2
liqiy	2
>ano$ad	2
faw~it	2
$aE~al	2
laq~an	2
>ajal-a	2
Dax~am	2
Eakas-i	2
rasam	2
AixotaraE	2
$aHan	2
tamAdaY	2
mali}-a	2
tAh	2
daraY-i	2
xaTaf	2
taTaw~ar	2
ba*al-u	2
nadah-a	2
taEAwan	2
saw~a>	2
AitodAyiq	2
{isotatar	2
tarojim	2
>aDar~	2
>aHas~	2
>akan~	2
AitoHas~in	2
taSad~aY	2
>akofal	2
{ijotahad	2
xabaT-i	2
>aSoHaY	2
faD~	2
AinotaHar	2
Tal~aq	2
qirif	2
TabaE-a	2
xaroba$	2
naZ~af	2
AitoHar~a$	2
xab~aY	2
tabaE	2
waf~aY	2
Eaq~ad	2
>aHodav	2
AitoxAniq	2
jaru&-u	2
mAs-i	2
Aitoxal~aY	2
zanaY-i	2
$ar~aE	2
dal~-u	2
>ahAb	2
hay~aj	2
AinoDarab	2
{inotasab	2
xalaE	2
dar~ab	2
hadam	2
raw~aj	2
Aitolam~	2
saEid-a	2
$ay~il	2
{it~aEaZ	2
taHas~ar	2
>aDoEaf	2
{ibotakar	2
>aworad	2
taEar~af	2
tamay~az	2
AisotaHomil	2
>aTolaE	2
xaw~af	2
qaliq-a	2
rakib-a	2
bar~aq	2
wadaY-i	2
vab~at	2
$ab~ah	2
waSaf	2
Ait~ajah	2
Samat-u	2
jam~al	2
xaram-i	2
maS~-a	2
>aso>al	2
{isotaboEad	2
radaH	2
xar~af	2
nAb	2
tanAmaY	2
nam~aY	2
SafaH-a	2
>awoqaf	2
Hal~-u	2
{inotabah	2
jal~-i	2
nAhiyka	2
Dam~-u	2
AitobanaY	2
tasal~aY	2
Aitqab~il	2
xanaq	2
kan~-i	2
Tabax-ua	2
{ifotaqad	2
AisotawaY	2
{isotawaY	2
tahay~a>	2
razaq-u	2
rajaE-i	2
<inotahaY	2
nam~-ui	2
Dar~-u	2
>abAH	2
EA*	2
{inotahaz	2
filit	2
kaf~ar	2
rakaz	2
qaf~aY	2
jabaY-i	2
nay~im	2
gam~aD	2
tadar~ab	2
Eanad	2
$ay~af	2
taEATaY	2
{isotajAb	2
{isotahal~	2
Eay~in	2
bad~al	2
Hadaf	2
waT~aY	2
balA-u	2
nafax-u	2
lamas-ui	2
tabahodal	2
raforaf	2
naj~aH	2
faja>-a	2
>agAr	2
AitoqAl	2
zam~	2
faw~aq	2
gAb	2
naZar	2
ba$~ar	2
wa*ir-a	2
AinotaSar	2
rakaE	2
qaraS	2
>aZolam	2
AinsAq	2
wafad-i	2
>anofaD	2
$ataY	2
Ainta$ar	2
>axAf	2
Habas-i	2
jazam-i	2
xaw~if	2
$Awir	2
Eaqad	2
Dar~ab	2
haza>-a	2
nadah	2
laxobaT	2
taraH~am	2
Aisotalam	2
AitmalaY	2
{isotaHolaf	2
waEaY-i	2
qAwim	2
AinosaHab	2
$at~at	2
tam~im	2
AitofA}il	2
faw~aD	2
mal~	2
kasaf-i	2
karam	2
wahim-a	2
>aboda>	2
>aboEad	2
fAD	2
ta>an~aY	2
>axobar	2
hataf	2
maDaY-i	2
TaraH	2
tafaD~al	2
AitofaSal	2
faD~-u	2
Aisota$ohad	2
AinoTafaY	2
AiEtaraf	2
yi>is	2
na$~an-i	2
DaEuf	2
bA'-u	2
Ea$iq-a	2
laja>	2
rabaT	2
>abdal	2
>abodal	2
{isotagAv	2
rawaY	2
Taf~aY	2
had~id	2
risiy	2
>aman~	2
taw~ib	2
AiEotaqal	2
Haraq-i	2
Aisotagofar	2
>adAm	2
xay~ab	2
{iEotazal	2
>arogam	2
AitoEadal	2
*abaH-a	2
bAdal	2
vAr	2
<inosaHab	2
naDaH-a	2
{inota$ar	2
>aEomaY	2
{isotaholak	2
tawAlaY	2
>awoDaH	2
{isotawojab	2
kab~ar	2
Aitobahodil	2
maj~ad	2
naS~-u	2
falat-i	2
AitoHad~aY	2
bAhaY	2
{ixotaraq	2
wAzan	2
gariq-a	2
Hawaj	2
fal~as	2
xaTar	2
zanaq	2
{isotalam	2
Tarad	2
>a*Ab	2
taxar~ab	2
AibotagaY	2
mas~aY	2
AitoSalaH	2
naq~aT	2
AitoHAyil	2
AitonaT~aT	2
tanaf~aD	2
>aSodaY	2
Aitorat~ib	2
{isotaqAl	2
{ihotam~	2
kasab-i	2
$al~-u	2
nAm-a	2
tadax~al	2
baTa$-iu	2
{it~aDaH	2
kaf~in	2
malA-u	2
TawaY-i	2
karaY-i	2
manaH	2
hAb-a	2
AiEotanaq	2
qarA-u	2
tafAwaD	2
saTaE	2
baE~ad	2
>Axa*	2
$ahar	2
{isotanokar	2
fat~i$	2
HAbaY	2
{iHotaraq	2
tahaj~am	2
HAz-u	2
bay~at	2
wATa>	2
taka$~af	2
<inoqaTaE	2
<inotaHar	2
AiHotAr	1
Ailotafat	1
SAE	1
EAhad	1
AistajraY	1
HAkaY	1
>aqoSad	1
law~in	1
Aitowaf~aY	1
Ham~ad	1
$ar~ad	1
<ataY	1
Aito$ar~af	1
DAyaq	1
{imotAz	1
{isotaEodaY	1
basa>-a	1
sawa'	1
AitHadaY	1
Hazar-iu	1
Aisota$ohid	1
AitaqaY	1
|lam	1
bar~-i	1
Hal~il	1
Eam~il	1
na$af	1
>ano$a>	1
Sadaq-u	1
bAs-u	1
Eimil	1
madaH-a	1
xadam-iu	1
{iHotAl	1
$an~aE	1
halum~a	1
>a$Ab	1
TArad	1
Saf~aq	1
watar-i	1
{ibotalaE	1
xafaY	1
>aforag	1
>arohab	1
bAlag	1
$Abah	1
qabil	1
AitosAhil	1
>asAr	1
{inoxadaE	1
<itEadaY	1
taTAbaq	1
>avonaY	1
Had~av	1
jAz-u	1
>a*ohab	1
taTal~ab	1
turY	1
xalA	1
Aitojawaz	1
tafar~as	1
manaY-i	1
baliy-a	1
daw~ax	1
siyb	1
Aistu$hid	1
tabas~am	1
EasaY	1
TabaE	1
{i$otam~	1
sikin	1
$afaq	1
taDaw~ar	1
baw~is	1
xaTaf-i	1
taxaS~aS	1
tamaH~ak	1
sam~an	1
{iHotafaZ	1
AizodAd	1
rafal-u	1
jAd-u	1
Dal~	1
jAd	1
{iEotalaY	1
taqA*af	1
qAwam	1
*Aq-u	1
{ilotaqam	1
law~an	1
$an~-u	1
>arojaE	1
tajar~aE	1
taqar~ar	1
>aHokam	1
rAwad	1
Ham~as	1
ta$ad~aq	1
{isotaHowa*	1
AixotaSar	1
jalas	1
taHAb~	1
>asoham	1
TAbaq	1
wakaf-i	1
>asomaY	1
tanAzaE	1
{inofarad	1
Aisotahoza>	1
>awrav	1
taHar~ar	1
fas~ar	1
>aHoDar	1
>akal~	1
mal~-a	1
>aHojam	1
>ajolaY	1
Had~-u	1
gal~it	1
baEozaq	1
rab~	1
Daj~-i	1
>asolaf	1
rAE-i	1
kaw~a$	1
naf~aD	1
hAjar	1
{inoxafaD	1
Day~aq	1
haba$-i	1
laHas-a	1
>aDomar	1
HaraS-i	1
takal~af	1
$ad~id	1
{isotajAr	1
|ajir	1
>aEolam	1
xal~aE	1
dahi$-a	1
>aworav	1
kab~al	1
>aEo*ab	1
va>ar-a	1
hatak	1
sab~aH	1
saTA-u	1
xaDaE-a	1
{iSoTadam	1
|jar	1
Aimtad~	1
sA'al	1
>akomal	1
dAr-u	1
tagalogal	1
das~	1
hAn-u	1
Sadam-i	1
{inobaEav	1
>avolaj	1
xaf~-i	1
AirotamaY	1
tawaz~aE	1
xAdaE	1
lAzam	1
nataj	1
Haqad-i	1
xAD	1
nAqaD	1
zAyad	1
zAr-u	1
>akorah	1
tamaH~aS	1
naTaq-u	1
AisotaEAn	1
AixtafaY	1
rag~aY	1
fAraq	1
hAjir	1
taHar~aq	1
fasA-u	1
Eazaf-i	1
Hafiy-a	1
faS~aS	1
{i$otarak	1
baSir-a	1
>akodaY	1
faraz-i	1
hawhaw	1
{iHota$ad	1
{isotawoEab	1
taxal~al	1
{isotaHal~	1
wAlas	1
>aroqad	1
AinofaEal	1
EaS~ab	1
AiHtaraq	1
$aHat	1
kad~as	1
had~a>	1
tamal~ak	1
tanaz~al	1
{isotamad~	1
{isotaEAr	1
HAd-i	1
Dam~in	1
{i$otabak	1
AitoHaq~aq	1
tadam~ar	1
AinotaZam	1
Hal~-i	1
Har~aS	1
talax~aS	1
Hab	1
AinozAH	1
taqADaY	1
|n	1
tawAnaY	1
xal~il	1
>awolaY	1
Tabal-u	1
tafak~ak	1
>axofaY	1
Haz~in	1
>adaq~	1
tawas~aE	1
{inoxaraT	1
{isotaSoEab	1
kabaY	1
>azAH	1
saraH	1
{ifotataH	1
{isotavomar	1
{isotagoraq	1
Hamal	1
Eatab-ui	1
waZ~af	1
qara	1
taEAraf	1
qazoqaz	1
>aqoTaE	1
naqaT-u	1
jAE-u	1
>aTAq	1
Tara>-a	1
tahad~am	1
naSab-u	1
sAd	1
Ea$~i$	1
taHaT~am	1
taxal~af	1
laHis-a	1
xaras	1
xaris-a	1
>aEolaY	1
AitHad~aY	1
AiHotafaZ	1
{isotalozam	1
faroEan	1
jalojal	1
galab-i	1
laf~af	1
wafar-i	1
{id~axar	1
nabih-a	1
Tay~ab	1
<itfar~aq	1
Aitowag~il	1
Aitomad~	1
>aDoHaY	1
>asoEad	1
{isota$AT	1
vaq~al	1
Eam~aq	1
taHaf~az	1
EAqib	1
<isotaxodam	1
Aisotaxodam	1
haTal-i	1
<ijEal	1
sabaH-a	1
Damin-a	1
>aETaY	1
AitoTab~aq	1
<inotaEa$	1
baraz	1
laEib-a	1
hay~A	1
>al~af	1
tawAraY	1
>afosaH	1
<isota$oEar	1
{iHotamaY	1
laEiq-a	1
{inobaraY	1
ta$aE~ab	1
sakab-u	1
{ihotaz~	1
AisotamaE	1
taHaj~aja	1
>asaf~	1
fAr	1
dalak	1
Eak~ar	1
fatak	1
{inodalaE	1
sar~ab	1
wajab	1
qADaY	1
{ibotada>	1
qa*af	1
>aDAE	1
Aa*aY	1
tasam~ar	1
{ixotafaY	1
janaY	1
|d-u	1
lAm	1
xaTab	1
warad-i	1
takar~aE	1
Tal~	1
taSAyaH	1
{irotasam	1
fAH-u	1
>ajar~	1
qab~al	1
>alaH~	1
Eakam-i	1
$aq~-u	1
TaEim-a	1
nak~al	1
rAqib	1
AisotahodaY	1
bahodil	1
raqiy-a	1
>abAE	1
>arAH	1
mad~	1
lAmis	1
nadar	1
rax~aS	1
AibtalaY	1
ta$ab~ah	1
>ajoram	1
{inoHaraf	1
rAH-u	1
ja*ab-i	1
hadaf-i	1
AisotaEad~	1
AisotaTolaE	1
saxar	1
>awofar	1
Aisotafaz~	1
HaSar	1
jiriy	1
{iEotadaY	1
{ijotamaE	1
DafA-u	1
xajil-a	1
xaD~	1
|ayis	1
HaT~-u	1
lam~-u	1
HaD~ar	1
faq~aE	1
>asoraf	1
jahaz-a	1
kafan-i	1
taqal~aS	1
ta$ar~af	1
hawiy-a	1
{iEotamad	1
sakan-a	1
tanaf~ax	1
lawaY-i	1
Aisotamir~	1
>ajohad	1
ra$~-u	1
kanas-u	1
Aitowas~aT	1
qazaH	1
*Akar	1
wat~ar	1
gamaY	1
SAHib	1
tawat~ar	1
wakal	1
zahaq	1
AistakfaY	1
zay~an	1
>abaD	1
xab~-a	1
xadaE	1
tazAman	1
{ixotazal	1
Aitawaf~aY	1
jar~am	1
Aifotaxar	1
bar~ad	1
jAwib	1
naw~al	1
AiHtajaz	1
harA-u	1
nakat-u	1
{irotad~	1
sajan-u	1
Ea*~ab	1
Aisotaray~aH	1
bi}sa	1
jar~aH	1
>az~-ui	1
{iHotajab	1
SAm-u	1
tarib-a	1
ga$~	1
AitsAl	1
raj~aH	1
walowal	1
laTam-a	1
xazin	1
fas~aH	1
Aintaqam	1
Haj~	1
tasar~ab	1
lab~is	1
>anoSab	1
jabar	1
{iqotaraH	1
talaf~at	1
xAl~	1
saT~ar	1
jar~	1
<ibotagaY	1
AixotalaT	1
zaf~	1
rawaY-i	1
gAmar	1
>avomar	1
>awohan	1
fat~-u	1
sAraE	1
>aHaq~	1
tasal~aq	1
Haram	1
tawah~am	1
jam~id	1
takAvar	1
xifiy	1
SanaE	1
>aEoyaY	1
>a$obaE	1
>anofaq	1
{ixotatam	1
Ham~il	1
zay~ar	1
Eataq	1
faraj	1
>a$~ar	1
$af~-i	1
xa$aE-a	1
zaf~-i	1
>aDoHak	1
{inobAE	1
Eadal-i	1
{ilotaqaT	1
<isotaEomal	1
tafaq~as	1
tafaw~aq	1
{iSoTAd	1
$ar~aH	1
vibit	1
<ithadaY	1
barohan	1
{ihotadaY	1
tamar~ad	1
baroqaE	1
taTal~aE	1
maHA-u	1
AitoraH~am	1
taxal~aE	1
rAm-i	1
qay~ad	1
qay~im	1
faSal	1
Ailotazam	1
tanaZ~am	1
>abah-ia	1
>aT~ar	1
raSad-u	1
{iqotabas	1
{ikotad~	1
Saw~ab	1
Saw~ib	1
<isota$ohad	1
$ab~-i	1
taHAlaf	1
TAb	1
Aitowaj~aE	1
xaTar-i	1
Eab~aY	1
gAdar	1
kar~as	1
|var	1
tanAwab	1
gaT~-u	1
EAwan	1
taHak~am	1
SibiH	1
hayoman	1
hada>-a	1
{irotamaY	1
Aitonaw~ar	1
>aHofaZ	1
xaSam-i	1
>arij-a	1
tamah~al	1
kaman-u	1
tahaw~ar	1
salak	1
>agAv	1
{iHotakam	1
Aisotasohil	1
Aitojam~aE	1
tafat~at	1
saxir-a	1
{inoHAz	1
zaj~-u	1
Aitohay~a>	1
damar-u	1
qalaq	1
dahowil	1
faDaH	1
jad~	1
qAs-i	1
Ha$A	1
{isotaDAf	1
faTar	1
sanad	1
ragaY	1
zaw~ar	1
Aitowaz~aE	1
saqA	1
Eaq~ab	1
>asoqaY	1
sAqaY	1
tilif	1
>ayo>as	1
AitoHadA	1
takab~ar	1
xalaT	1
Eabad-u	1
taxar~aj	1
taEay~an	1
$aqaY	1
faDofaD	1
katam	1
AitoEa*~ib	1
<abo$ar	1
tajaw~al	1
dAwaY	1
>a*iy-a	1
far~ag	1
>aj~-ui	1
tagal~ab	1
taSad~ar	1
dam~am	1
Sadaf	1
Tafa$-i	1
>aqAd	1
naHar-u	1
nazaf	1
waSaY	1
dan~as	1
faqaE-a	1
marojaH	1
AitoEATif	1
qafA-u	1
taEa*~ab	1
narofiz	1
kaH~-u	1
himid	1
>ahomad	1
AitoramaY	1
AitoEadam	1
taDAman	1
wAsaY	1
jazaY	1
{ibotal~	1
xal~-u	1
naT~-u	1
{iHotak~	1
gAr	1
>asiy-a	1
zaEaq-a	1
taqab~aD	1
Aitonafax	1
balaE	1
AiT~amin	1
zan~	1
raT~ab	1
na$if-a	1
nazaE	1
Tahar-u	1
>aEofaY	1
faz~-i	1
kan~aY	1
qarif-a	1
taw~ah	1
kAl-i	1
>arAq	1
Aitodar~ab	1
hAjim	1
$axaT	1
tajal~aY	1
EaZ~am	1
>anoHaY	1
>aHoraj	1
{isota>oman	1
Sad~aE	1
dAn	1
AitbahaY	1
lazaq	1
HaDar-u	1
dowaY	1
SaH~-i	1
manoTaq	1
tana$~ar	1
AistawdaE	1
qam~ar	1
zaq~	1
mAzAl	1
Aitofaraj	1
zay~ad	1
kamil-a	1
HaSad-iu	1
HAmaY	1
lawiv-a	1
halak	1
Aikota>ab	1
wAfaY	1
naTaf-ui	1
baw~ax	1
katam-u	1
taqas~am	1
$af~	1
Haq~-iu	1
>anofad	1
{inodAs	1
EAb-i	1
AisotadoEaY	1
hajam	1
haras-u	1
nAT-u	1
naT~	1
tawar~aT	1
qas~im	1
qasam	1
bAx-u	1
tafA'al	1
Aithan~A	1
lamaH	1
nawaY	1
jan~ib	1
baTan-u	1
gal~aY	1
Hak~am	1
Aitovaq~af	1
taEak~az	1
jan~an	1
fak~ik	1
Aitosal~aY	1
AitoHar~ar	1
Taq~-u	1
HaZar-u	1
tAjir	1
saf~ar	1
sab~in	1
bAD	1
faqas-i	1
birid	1
wahab	1
>afotar	1
qanA-u	1
>avim	1
raw~aq	1
tahad~aY	1
xaw~an	1
habaT-ui	1
AitolaEab	1
AitoSAb	1
raDiE-a	1
Aiqtarab	1
tajA*ab	1
{inoSaraf	1
qaTan-u	1
taEAnaq	1
tadAfaE	1
$am~-u	1
Aisotaqobal	1
Ear~aD	1
naEat-a	1
das~-u	1
nAs-u	1
{iqotalaE	1
{it~a$aH	1
AimotaHan	1
fariH-a	1
Aisota>o*in	1
tanaE~am	1
{isotabo$ar	1
HAkim	1
tasa>~al	1
>anozaf	1
jal~aY	1
hAl-u	1
xazaq	1
$aEolil	1
jawiy-a	1
nasab	1
>awlaY	1
*al~al	1
{izodahar	1
manaE-1	1
xada$-i	1
AiftaraY	1
tanak~ar	1
{isotaroxaS	1
nabaH	1
AitonasaY	1
lA*-u	1
>abal~	1
Eazal	1
$al~at	1
Eal~	1
ma$~-u	1
AinobasaT	1
baT~an	1
baroTaE	1
Aafqad	1
{isotano$aq	1
Ailotaf~	1
baq~al	1
wafaD-i	1
qafal-i	1
HaZ~ar	1
daw~ab	1
{irota$aY	1
Ainosax~	1
>aEodaY	1
AitofAji}	1
fAt-u	1
Aitovab~it	1
$ayir	1
qaSaf-i	1
Aisotaholik	1
na$~ar	1
{isotaToEam	1
faqaE	1
rajil-a	1
rak~-i	1
sAH	1
war~av	1
{inoEadam	1
taEaq~ad	1
sAH-i	1
Eak~	1
kanas	1
>anoqaS	1
AitomanaE	1
taday~an	1
raD~-u	1
Aitoqafal	1
{isotaqodam	1
<iDrab	1
>aDorab	1
<itHar~ak	1
xAl-a	1
$aHan-a	1
Halaf-i	1
tawas~am	1
bad~aY	1
>a$orak	1
wak~al	1
AitowAfiq	1
>a*~in	1
karav-ui	1
taEAqab	1
{isotakomal	1
SAn-u	1
EAl-u	1
taEah~ad	1
>aqodam	1
>afolaH	1
AilotaHaq	1
tabArak	1
ka*~ab	1
taEal~aq	1
EAwin	1
raDax	1
$ak~ik	1
>aToEam	1
$anaq-u	1
qa*af-i	1
<iHtajaz	1
badal-u	1
ras~am	1
>amad~	1
{iSoTafaY	1
tazaHozaH	1
{inoqAd	1
tafalosaf	1
>alohaY	1
{isotaqaY	1
Hajab-u	1
{iHotaraf	1
>aEotaq	1
mala>	1
wagar-i	1
<inta$ar	1
<inobaTaH	1
Halis-a	1
sak~it	1
{iEotazam	1
>azal~	1
AinoEazal	1
jAzaY	1
>ahodaf	1
saHaq-a	1
{ilotamas	1
Aisotahojan	1
taHaS~al	1
{isotanokaf	1
Eazaf-u	1
Aisota$oEar	1
Tab~al	1
AitolagaY	1
>aEotad	1
na$~aT	1
$ajab-u	1
xatam-i	1
{isotarad~	1
AitoEATaY	1
{isotamaE	1
Aitowaqaf	1
>usotafaz	1
$at~An	1
sabaq	1
nADal	1
{inovanaY	1
Haras-u	1
AitofataH	1
Aitosajan	1
HafiZ-a	1
lab~aY	1
Damad-u	1
>aholak	1
AitoqaT~aE	1
AisotagonaY	1
$ad~ad	1
>aSomat	1
{ilotaz~	1
qar~a>	1
>arohaq	1
jabar-u	1
<ikta$af	1
{iqotaraf	1
>at~aqaY	1
<itoHAsib	1
<istaqAm	1
zan~aq	1
fa$~	1
<ihotam~	1
siEid	1
<inotaqad	1
qab~aH	1
<itogad~aY	1
Talaq-u	1
taman~aE	1
<itorab~aY	1
qal~aE	1
>aHtaram	1
naq~aS	1
*am~-u	1
hab~	1
dab~	1
<itofaSal	1
taw~ih	1
HAn	1
{isota>onas	1
>aHtar	1
naDir-a	1
Say~if	1
hawaY-i	1
$aw~a$	1
Han~in	1
{ibotalaY	1
>ahojam	1
naqaS-u	1
xATab	1
AitofaD~al	1
qalab-i	1
ta|mar	1
naEa$-a	1
EAz	1
TAq-u	1
tadAraY	1
qaS~	1
fiDiy	1
tafak~ar	1
bazar-i	1
bixil	1
qaraS-u	1
Eazam	1
baEud-u	1
sal~af	1
tajaw~az	1
>atorab	1
nab~ah	1
{isotalaf	1
AawaY	1
Aisotarozaq	1
xay~aT	1
tabAdal	1
taf~-i	1
AaHbaT	1
kaH~al	1
>al~if	1
baloTaj	1
{iT~arad	1
masoxar	1
raDaE	1
kas~ab	1
Eidim	1
laq~ab	1
{isotaxosar	1
Han~	1
sarad-u	1
>alAn	1
baw~aZ	1
gar~ab	1
AaHnaY	1
$at~it	1
AasqaT	1
Hasad-u	1
fadaY-i	1
AaEAd	1
Ainokarat	1
Aaxlad	1
>avoraY	1
ta>am~al	1
ga*~aY	1
>aboraz	1
{isotaHoDar	1
bAd-i	1
mah~ad	1
kAd-i	1
jAbah	1
TaboTab	1
<intqim	1
raq~aE	1
nay~al	1
hada>	1
{it~asaE	1
jah~az	1
wASal	1
sak~at	1
Dam~an	1
taZal~am	1
taxab~aT	1
tarab~aY	1
Ai$tarak	1
kabur-u	1
ta>ak~ad	1
>a$oraq	1
{irotabaT	1
kawaY-i	1
SaluH-u	1
raEab	1
<istaxab~aY	1
Halab-iu	1
tasal~aH	1
fAtiH	1
EaTas-i	1
fAriq	1
Ait~akal	1
{inodafan	1
wavaq	1
>aEozal	1
>aTlaq	1
Eakaf-i	1
{iHotAr	1
jahil-a	1
{inoHanaY	1
{iqotasam	1
{inoSAE	1
xAb-i	1
rajam-u	1
Dam~ad	1
taras~am	1
>anojaz	1
AisotaHAl	1
talah~aY	1
zagoraT	1
Tabax	1
$iqiy	1
>amolak	1
Hasab-u	1
bas~aT	1
>amoDaY	1
Taw~aH	1
Ai$otabak	1
ta>ax~ar	1
dAwam	1
{iqotadaY	1
AikotafaY	1
hiykotuwr	1
tal~im	1
{isotamotaE	1
Aitodaq~	1
AitofaDaH	1
{iHotaDar	1
Aitnaf~i*	1
|*aY	1
Tay~an	1
Tabaq	1
tasam~am	1
qaE~ad	1
falaq-i	1
AitoSadam	1
Tay~ar	1
mad~-u	1
saTaH-a	1
tala>ola>	1
AitSad~aY	1
>atoEab	1
haw~A	1
EAfir	1
>anohaY	1
Ait~Akil	1
HAT-u	1
taqaba~al	1
AinodafaE	1
tawaS~al	1
zaw~aj	1
<iltaqaY	1
nakaH-uia	1
AirotabaT	1
AirtabaT	1
tamA$aY	1
Aikotamal	1
|xa*	1
sabat-u	1
tawaH~ad	1
karoma$	1
|h	1
gAmir	1
taEaT~af	1
haw~aY	1
Aitogad~aY	1
raj~	1
AistajAb	1
fiTir	1
kaf~	1
miriD	1
Aifotaraq	1
Aitodab~is	1
qaTam-i	1
nafax	1
Eaw~id	1
rAjaE	1
tana$~aT	1
Sarax	1
{imotaS~	1
>akovar	1
HiDir	1
naq~aH	1
Habak	1
tawaD~a>	1
haDam-i	1
naH~aY	1
AitoEAyi$	1
SalaY-i	1
tazaE~am	1
Has~-i	1
xay~ib	1
{ikotarav	1
{isotajodaY	1
talaw~an	1
bAdir	1
qaSar-i	1
hajam-u	1
>ajAl	1
na$a>-a	1
was~ax	1
qadir-a	1
Haw~al	1
Aitobal~aY	1
TAwiE	1
ray~al	1
lAyim	1
tawAjad	1
Ean~af	1
AitoxadaE	1
{inoka$af	1
Ainotaqad	1
HaZaY	1
{ixota$aY	1
$A>	1
jaraf-u	1
qab~il	1
$aEar	1
Ha$ar-iu	1
<aSAb	1
Himiy	1
>am~im	1
>aHoSaY	1
AitoZalam	1
haj~ar	1
>asobag	1
>aray	1
laTuf-u	1
waSad-i	1
xasaf-i	1
tanab~a>	1
mAHaSal	1
Aito$amolil	1
>alofat	1
<istadal~	1
>aro$ad	1
{ilotaHaq	1
>aSogaY	1
>asoraY	1
TAlaE	1
badaE	1
fak~-u	1
laqaf	1
daw~ak	1
xaro$im	1
>anowar	1
{isotafosar	1
$am~	1
{inoqabaD	1
takAtaf	1
EawaY-i	1
|saf	1
taSAEad	1
taEArak	1
{inoSalaH	1
$AE-i	1
AlgaY	1
>ajomaE	1
naqaS	1
AiEotadaY	1
<itona$~aT	1
zabar-ui	1
Hadiy	1
mAr-u	1
Hat~am	1
Har~a$	1
mal~A	1
>iHotAj	1
{isotaEojab	1
najA	1
{imotadaH	1
{ikotasab	1
>aHSaY	1
>a$oraf	1
*AE-i	1
tagADaY	1
gaD~	1
>ah~al	1
tafaj~ar	1
Ham~ar	1
taraj~aE	1
rak~aE	1
xay~al	1
>awojaE	1
>axoTar	1
xafA	1
xas~ar	1
Aitobaq~aY	1
AitosaHal	1
gaSab	1
Aithan~aY	1
AiTma}an~	1
Ait~aq~aY	1
>awqaf	1
AasoqaT	1
saqaT-u	1
fak~ak	1
Hamiy-a	1
daras-u	1
AitonAwil	1
kafal	1
>ixtAr	1
hA$-i	1
na$~	1
Aitokasar	1
daq~-i	1
TafaY	1
AaEA*	1
Aitoqalab	1
Tiwil	1
gih	1
>aTfaY	1
laHam	1
laH~am	1
faroqaE	1
habal	1
badaY	1
hada'	1
>a$omat	1
hazam	1
$AT	1
nahA-u	1
xaf~	1
Aito$Al	1
masak-u	1
raxuS-u	1
{isotagofar	1
tAb-u	1
>awolaE	1
rAwaH	1
may~al	1
AaSAb	1
maw~at	1
AisotaEowaD	1
{inoTalaq	1
>aqolaq	1
Eamad-i	1
lAHaq	1
rasam-u	1
had~am	1
nafis-a	1
sAl-i	1
>aforaH	1
<inotaSar	1
>awodaE	1
zahaq-a	1
>a$oEar	1
SAl-u	1
nAl	1
>aHodaq	1
<igotAl	1
lahib-a	1
SabA-u	1
baxil-a	1
gaDib-a	1
taqam~aS	1
SAliH	1
Eabar	1
<iEotaraf	1
EAkas	1
Aitozanaq	1
AisotaHosan	1
ta$ak~al	1
takaf~al	1
$aris-a	1
HakaY-i	1
daw~an	1
EaTA	1
$Ab-i	1
<itoqaraS	1
